{"cameraMode":{"drawMode":0,"name":"Shaded","section":"Shading Mode"},"sceneLighting":false,"audioPlay":false,"sceneViewState":{"showFog":true,"showMaterialUpdate":false,"showSkybox":false,"showFlares":true,"showImageEffects":true,"showParticleSystems":true},"in2DMode":false,"pivot":{"x":-1319.2872314453125,"y":-556.2990112304688,"z":1720.9910888671875},"rotation":{"x":0.09269137680530548,"y":-0.36722296476364138,"z":0.03680688142776489,"w":0.9247715473175049},"size":3393.21533203125,"orthographic":false}