{"cameraMode":{"drawMode":0,"name":"Shaded","section":"Shading Mode"},"sceneLighting":false,"audioPlay":false,"sceneViewState":{"showFog":true,"showMaterialUpdate":false,"showSkybox":false,"showFlares":true,"showImageEffects":true,"showParticleSystems":true},"in2DMode":false,"pivot":{"x":-0.09996622800827027,"y":0.037737488746643069,"z":-0.4485456943511963},"rotation":{"x":0.25072211027145388,"y":-0.24158641695976258,"z":0.06464621424674988,"w":0.9352297782897949},"size":1.5175364017486573,"orthographic":false}