{"cameraMode":{"drawMode":0,"name":"Shaded","section":"Shading Mode"},"sceneLighting":false,"audioPlay":false,"sceneViewState":{"showFog":true,"showMaterialUpdate":false,"showSkybox":false,"showFlares":true,"showImageEffects":true,"showParticleSystems":true},"in2DMode":false,"pivot":{"x":-24.954633712768556,"y":-55.39933776855469,"z":60.06028747558594},"rotation":{"x":-0.10723141580820084,"y":0.8794339299201965,"z":-0.3990766108036041,"w":-0.23630447685718537},"size":159.93975830078126,"orthographic":false}