{"cameraMode":{"drawMode":0,"name":"Shaded","section":"Shading Mode"},"sceneLighting":false,"audioPlay":false,"sceneViewState":{"showFog":true,"showMaterialUpdate":false,"showSkybox":false,"showFlares":true,"showImageEffects":true,"showParticleSystems":true},"in2DMode":false,"pivot":{"x":187.7498016357422,"y":333.65576171875,"z":-381.2399597167969},"rotation":{"x":-0.17696543037891389,"y":-0.49361610412597659,"z":0.10335574299097061,"w":-0.845197319984436},"size":45.30284118652344,"orthographic":false}