{"cameraMode":{"drawMode":0,"name":"Shaded","section":"Shading Mode"},"sceneLighting":false,"audioPlay":false,"sceneViewState":{"showFog":true,"showMaterialUpdate":false,"showSkybox":false,"showFlares":true,"showImageEffects":true,"showParticleSystems":true},"in2DMode":false,"pivot":{"x":-0.07899527996778488,"y":-0.09743481874465943,"z":0.04171347618103027},"rotation":{"x":0.15476377308368684,"y":0.012555474415421486,"z":-0.0021399385295808317,"w":0.9878972768783569},"size":1.9010379314422608,"orthographic":false}