{"cameraMode":{"drawMode":0,"name":"Shaded","section":"Shading Mode"},"sceneLighting":false,"audioPlay":false,"sceneViewState":{"showFog":true,"showMaterialUpdate":false,"showSkybox":false,"showFlares":true,"showImageEffects":true,"showParticleSystems":true},"in2DMode":false,"pivot":{"x":1000.93310546875,"y":28.640060424804689,"z":962.7839965820313},"rotation":{"x":0.009879146702587605,"y":0.9892680048942566,"z":-0.08030659705400467,"w":0.12169269472360611},"size":53.328758239746097,"orthographic":false}