{"cameraMode":{"drawMode":0,"name":"Shaded","section":"Shading Mode"},"sceneLighting":false,"audioPlay":false,"sceneViewState":{"showFog":true,"showMaterialUpdate":false,"showSkybox":true,"showFlares":true,"showImageEffects":true,"showParticleSystems":true},"in2DMode":false,"pivot":{"x":4068.039794921875,"y":3317.71240234375,"z":3438.47900390625},"rotation":{"x":-0.08771531283855438,"y":-0.8985027074813843,"z":0.21022577583789826,"w":-0.3752789795398712},"size":6149.41650390625,"orthographic":false}