{"cameraMode":{"drawMode":0,"name":"Shaded","section":"Shading Mode"},"sceneLighting":false,"audioPlay":false,"sceneViewState":{"showFog":true,"showMaterialUpdate":false,"showSkybox":false,"showFlares":true,"showImageEffects":true,"showParticleSystems":true},"in2DMode":false,"pivot":{"x":-155.47686767578126,"y":312.492919921875,"z":-342.6683654785156},"rotation":{"x":0.0022258416283875705,"y":0.9977646470069885,"z":-0.04942980036139488,"w":0.04492974281311035},"size":79.75448608398438,"orthographic":false}