{"cameraMode":{"drawMode":0,"name":"Shaded","section":"Shading Mode"},"sceneLighting":false,"audioPlay":false,"sceneViewState":{"showFog":true,"showMaterialUpdate":false,"showSkybox":true,"showFlares":true,"showImageEffects":true,"showParticleSystems":true},"in2DMode":false,"pivot":{"x":1665.8756103515625,"y":378.02490234375,"z":2812.78759765625},"rotation":{"x":-0.07568930834531784,"y":-0.0589577779173851,"z":0.004550779238343239,"w":-0.9953942894935608},"size":4899.482421875,"orthographic":false}