{"cameraMode":{"drawMode":0,"name":"Shaded","section":"Shading Mode"},"sceneLighting":false,"audioPlay":false,"sceneViewState":{"showFog":true,"showMaterialUpdate":false,"showSkybox":false,"showFlares":true,"showImageEffects":true,"showParticleSystems":true},"in2DMode":false,"pivot":{"x":812.475830078125,"y":1413.1309814453125,"z":-1199.5540771484375},"rotation":{"x":-0.027390195056796075,"y":-0.8722714781761169,"z":0.049266599118709567,"w":-0.4857947528362274},"size":454.4188537597656,"orthographic":false}