{"cameraMode":{"drawMode":0,"name":"Shaded","section":"Shading Mode"},"sceneLighting":true,"audioPlay":false,"sceneViewState":{"showFog":true,"showMaterialUpdate":false,"showSkybox":false,"showFlares":true,"showImageEffects":true,"showParticleSystems":true},"in2DMode":false,"pivot":{"x":989.994873046875,"y":26.011085510253908,"z":968.6990356445313},"rotation":{"x":0.0874396488070488,"y":-0.8960004448890686,"z":0.20303505659103394,"w":0.38518285751342776},"size":23.41336441040039,"orthographic":false}