{"cameraMode":{"drawMode":0,"name":"Shaded","section":"Shading Mode"},"sceneLighting":false,"audioPlay":false,"sceneViewState":{"showFog":true,"showMaterialUpdate":false,"showSkybox":false,"showFlares":true,"showImageEffects":true,"showParticleSystems":true},"in2DMode":false,"pivot":{"x":168.42015075683595,"y":374.2807312011719,"z":-371.1572265625},"rotation":{"x":-0.22281017899513246,"y":-0.16374827921390534,"z":0.038025304675102237,"w":-0.9602665305137634},"size":32.26139831542969,"orthographic":false}