{"cameraMode":{"drawMode":0,"name":"Shaded","section":"Shading Mode"},"sceneLighting":false,"audioPlay":false,"sceneViewState":{"showFog":true,"showMaterialUpdate":false,"showSkybox":false,"showFlares":true,"showImageEffects":true,"showParticleSystems":true},"in2DMode":false,"pivot":{"x":-164.64846801757813,"y":317.0199279785156,"z":-296.8775634765625},"rotation":{"x":-0.024962253868579866,"y":-0.9728475213050842,"z":0.1261976659297943,"w":-0.19242700934410096},"size":38.54037857055664,"orthographic":false}