{"cameraMode":{"drawMode":0,"name":"Shaded","section":"Shading Mode"},"sceneLighting":false,"audioPlay":false,"sceneViewState":{"showFog":true,"showMaterialUpdate":false,"showSkybox":true,"showFlares":true,"showImageEffects":true,"showParticleSystems":true},"in2DMode":false,"pivot":{"x":2534.919921875,"y":758.0257568359375,"z":18.8428955078125},"rotation":{"x":-0.06800054758787155,"y":-0.461007297039032,"z":0.03554651513695717,"w":-0.8840890526771545},"size":496.0729064941406,"orthographic":false}