{"cameraMode":{"drawMode":0,"name":"Shaded","section":"Shading Mode"},"sceneLighting":false,"audioPlay":false,"sceneViewState":{"showFog":true,"showMaterialUpdate":false,"showSkybox":true,"showFlares":true,"showImageEffects":true,"showParticleSystems":true},"in2DMode":false,"pivot":{"x":-82.06744384765625,"y":774.273681640625,"z":-107.3394775390625},"rotation":{"x":-0.012211566790938378,"y":-0.1173836961388588,"z":0.001515191514045,"w":-0.9930240511894226},"size":1811.7781982421875,"orthographic":false}