{"cameraMode":{"drawMode":0,"name":"Shaded","section":"Shading Mode"},"sceneLighting":false,"audioPlay":false,"sceneViewState":{"showFog":true,"showMaterialUpdate":false,"showSkybox":true,"showFlares":true,"showImageEffects":true,"showParticleSystems":true},"in2DMode":false,"pivot":{"x":1454.58447265625,"y":1231.528076171875,"z":216.42312622070313},"rotation":{"x":-0.16317883133888246,"y":0.14007137715816499,"z":0.023404408246278764,"w":0.9763346314430237},"size":405.1805725097656,"orthographic":false}