{"cameraMode":{"drawMode":0,"name":"Shaded","section":"Shading Mode"},"sceneLighting":true,"audioPlay":false,"sceneViewState":{"showFog":true,"showMaterialUpdate":false,"showSkybox":false,"showFlares":true,"showImageEffects":true,"showParticleSystems":true},"in2DMode":false,"pivot":{"x":987.3873901367188,"y":25.286514282226564,"z":971.8434448242188},"rotation":{"x":0.06817232072353363,"y":-0.7994766235351563,"z":0.09217879176139832,"w":0.5896986722946167},"size":16.1990966796875,"orthographic":false}