{"cameraMode":{"drawMode":0,"name":"Shaded","section":"Shading Mode"},"sceneLighting":false,"audioPlay":false,"sceneViewState":{"showFog":true,"showMaterialUpdate":false,"showSkybox":false,"showFlares":true,"showImageEffects":true,"showParticleSystems":true},"in2DMode":false,"pivot":{"x":1059.1158447265625,"y":118.63639068603516,"z":1029.1956787109375},"rotation":{"x":-0.015119053423404694,"y":0.9069146513938904,"z":-0.03266354277729988,"w":-0.4197782278060913},"size":335.0599365234375,"orthographic":false}