{"cameraMode":{"drawMode":0,"name":"Shaded","section":"Shading Mode"},"sceneLighting":false,"audioPlay":false,"sceneViewState":{"showFog":true,"showMaterialUpdate":false,"showSkybox":true,"showFlares":true,"showImageEffects":true,"showParticleSystems":true},"in2DMode":false,"pivot":{"x":325.85760498046877,"y":425.78594970703127,"z":157.066650390625},"rotation":{"x":0.09609628468751908,"y":0.23277032375335694,"z":-0.02312096580862999,"w":0.9674978852272034},"size":801.1797485351563,"orthographic":false}