{"cameraMode":{"drawMode":0,"name":"Shaded","section":"Shading Mode"},"sceneLighting":false,"audioPlay":false,"sceneViewState":{"showFog":true,"showMaterialUpdate":false,"showSkybox":false,"showFlares":true,"showImageEffects":true,"showParticleSystems":true},"in2DMode":false,"pivot":{"x":1010.2235717773438,"y":25.792030334472658,"z":971.5534057617188},"rotation":{"x":0.01585172489285469,"y":0.9777624011039734,"z":-0.19311785697937013,"w":0.08025626093149185},"size":46.845706939697269,"orthographic":false}