{"cameraMode":{"drawMode":0,"name":"Shaded","section":"Shading Mode"},"sceneLighting":false,"audioPlay":false,"sceneViewState":{"showFog":true,"showMaterialUpdate":false,"showSkybox":false,"showFlares":true,"showImageEffects":true,"showParticleSystems":true},"in2DMode":false,"pivot":{"x":8.739948272705079,"y":-6.297530174255371,"z":-31.239959716796876},"rotation":{"x":-0.14957267045974732,"y":-0.49594026803970339,"z":0.08717663586139679,"w":-0.8509255051612854},"size":40.02939987182617,"orthographic":false}