{"cameraMode":{"drawMode":0,"name":"Shaded","section":"Shading Mode"},"sceneLighting":false,"audioPlay":false,"sceneViewState":{"showFog":true,"showMaterialUpdate":false,"showSkybox":false,"showFlares":true,"showImageEffects":true,"showParticleSystems":true},"in2DMode":false,"pivot":{"x":-0.09299999475479126,"y":0.13199999928474427,"z":0.0},"rotation":{"x":0.11051291972398758,"y":-0.21517115831375123,"z":0.024329187348484994,"w":0.9700266122817993},"size":1.4936715364456177,"orthographic":false}