{"cameraMode":{"drawMode":0,"name":"Shaded","section":"Shading Mode"},"sceneLighting":false,"audioPlay":false,"sceneViewState":{"showFog":true,"showMaterialUpdate":false,"showSkybox":true,"showFlares":true,"showImageEffects":true,"showParticleSystems":true},"in2DMode":false,"pivot":{"x":339.47222900390627,"y":186.12832641601563,"z":-61.894744873046878},"rotation":{"x":-0.03676219284534454,"y":-0.8573290705680847,"z":-0.06183527782559395,"w":0.5097206234931946},"size":459.1593322753906,"orthographic":false}