{"cameraMode":{"drawMode":0,"name":"Shaded","section":"Shading Mode"},"sceneLighting":false,"audioPlay":false,"sceneViewState":{"showFog":true,"showMaterialUpdate":false,"showSkybox":false,"showFlares":true,"showImageEffects":true,"showParticleSystems":true},"in2DMode":false,"pivot":{"x":164.27658081054688,"y":338.03924560546877,"z":-363.29742431640627},"rotation":{"x":0.0383627712726593,"y":0.3195199966430664,"z":-0.012947817333042622,"w":0.9467135667800903},"size":153.85267639160157,"orthographic":false}