{"cameraMode":{"drawMode":0,"name":"Shaded","section":"Shading Mode"},"sceneLighting":false,"audioPlay":false,"sceneViewState":{"showFog":true,"showMaterialUpdate":false,"showSkybox":true,"showFlares":true,"showImageEffects":true,"showParticleSystems":true},"in2DMode":false,"pivot":{"x":1244.962646484375,"y":1913.6126708984375,"z":-500.32080078125},"rotation":{"x":-0.12198743969202042,"y":-0.26379305124282839,"z":0.033709678798913959,"w":-0.9562602043151856},"size":3089.48779296875,"orthographic":false}