{"cameraMode":{"drawMode":0,"name":"Shaded","section":"Shading Mode"},"sceneLighting":false,"audioPlay":false,"sceneViewState":{"showFog":true,"showMaterialUpdate":false,"showSkybox":false,"showFlares":true,"showImageEffects":true,"showParticleSystems":true},"in2DMode":false,"pivot":{"x":-285.4687194824219,"y":496.4325256347656,"z":-147.28309631347657},"rotation":{"x":0.039883118122816089,"y":0.014987470582127571,"z":-0.0005983131704851985,"w":0.9990916848182678},"size":606.9242553710938,"orthographic":true}