{"cameraMode":{"drawMode":0,"name":"Shaded","section":"Shading Mode"},"sceneLighting":false,"audioPlay":false,"sceneViewState":{"showFog":true,"showMaterialUpdate":false,"showSkybox":false,"showFlares":true,"showImageEffects":true,"showParticleSystems":true},"in2DMode":false,"pivot":{"x":200.89901733398438,"y":338.8694152832031,"z":-354.1206359863281},"rotation":{"x":0.10083014518022537,"y":0.4810185134410858,"z":-0.055806051939725879,"w":0.8691032528877258},"size":120.73686218261719,"orthographic":false}