{"cameraMode":{"drawMode":0,"name":"Shaded","section":"Shading Mode"},"sceneLighting":false,"audioPlay":false,"sceneViewState":{"showFog":true,"showMaterialUpdate":false,"showSkybox":false,"showFlares":true,"showImageEffects":true,"showParticleSystems":true},"in2DMode":false,"pivot":{"x":0.7612549066543579,"y":-0.04900002479553223,"z":0.03100001811981201},"rotation":{"x":0.006985246203839779,"y":-0.6969438791275024,"z":-0.006588553544133902,"w":-0.7171012163162231},"size":4.486886501312256,"orthographic":true}