{"cameraMode":{"drawMode":0,"name":"Shaded","section":"Shading Mode"},"sceneLighting":false,"audioPlay":false,"sceneViewState":{"showFog":true,"showMaterialUpdate":false,"showSkybox":false,"showFlares":true,"showImageEffects":true,"showParticleSystems":true},"in2DMode":false,"pivot":{"x":6127.12109375,"y":-144.49530029296876,"z":1542.4766845703125},"rotation":{"x":-0.10204717516899109,"y":-0.5287137627601624,"z":0.06428145617246628,"w":-0.8402094841003418},"size":3740.504638671875,"orthographic":false}