{"cameraMode":{"drawMode":0,"name":"Shaded","section":"Shading Mode"},"sceneLighting":false,"audioPlay":false,"sceneViewState":{"showFog":true,"showMaterialUpdate":false,"showSkybox":false,"showFlares":true,"showImageEffects":true,"showParticleSystems":true},"in2DMode":false,"pivot":{"x":-37.300148010253909,"y":202.46380615234376,"z":-366.34173583984377},"rotation":{"x":-0.30817699432373049,"y":0.0353727713227272,"z":-0.011467582546174527,"w":-0.9506036639213562},"size":89.37454223632813,"orthographic":false}