{"cameraMode":{"drawMode":0,"name":"Shaded","section":"Shading Mode"},"sceneLighting":false,"audioPlay":false,"sceneViewState":{"showFog":true,"showMaterialUpdate":false,"showSkybox":false,"showFlares":true,"showImageEffects":true,"showParticleSystems":true},"in2DMode":false,"pivot":{"x":12.383536338806153,"y":221.19764709472657,"z":-336.6496887207031},"rotation":{"x":-0.22552603483200074,"y":-0.3231770098209381,"z":0.07959765940904618,"w":-0.915623664855957},"size":92.72069549560547,"orthographic":false}