{"cameraMode":{"drawMode":0,"name":"Shaded","section":"Shading Mode"},"sceneLighting":false,"audioPlay":false,"sceneViewState":{"showFog":true,"showMaterialUpdate":false,"showSkybox":false,"showFlares":true,"showImageEffects":true,"showParticleSystems":true},"in2DMode":false,"pivot":{"x":1006.3790893554688,"y":100.27828979492188,"z":999.1619262695313},"rotation":{"x":0.028481829911470414,"y":0.7341006398200989,"z":-0.03085050918161869,"w":0.6777410507202148},"size":16.42867660522461,"orthographic":false}