{"cameraMode":{"drawMode":0,"name":"Shaded","section":"Shading Mode"},"sceneLighting":false,"audioPlay":false,"sceneViewState":{"showFog":true,"showMaterialUpdate":false,"showSkybox":true,"showFlares":true,"showImageEffects":true,"showParticleSystems":true},"in2DMode":false,"pivot":{"x":2346.596923828125,"y":296.189697265625,"z":941.619384765625},"rotation":{"x":-0.10351300239562988,"y":-0.236984521150589,"z":0.025483863428235055,"w":-0.9656620025634766},"size":3840.8154296875,"orthographic":false}