{"cameraMode":{"drawMode":0,"name":"Shaded","section":"Shading Mode"},"sceneLighting":false,"audioPlay":false,"sceneViewState":{"showFog":true,"showMaterialUpdate":false,"showSkybox":true,"showFlares":true,"showImageEffects":true,"showParticleSystems":true},"in2DMode":false,"pivot":{"x":1084.0146484375,"y":124.4549560546875,"z":1032.919677734375},"rotation":{"x":-0.06035921350121498,"y":0.08225537091493607,"z":0.004991147667169571,"w":0.994770348072052},"size":298.70166015625,"orthographic":false}