{"cameraMode":{"drawMode":0,"name":"Shaded","section":"Shading Mode"},"sceneLighting":false,"audioPlay":false,"sceneViewState":{"showFog":true,"showMaterialUpdate":false,"showSkybox":false,"showFlares":true,"showImageEffects":true,"showParticleSystems":true},"in2DMode":false,"pivot":{"x":-2.31195068359375,"y":5.771106719970703,"z":-4.012767791748047},"rotation":{"x":-0.017795220017433168,"y":0.9623724222183228,"z":-0.26323816180229189,"w":-0.06505918502807617},"size":27.99870491027832,"orthographic":false}