{"cameraMode":{"drawMode":0,"name":"Shaded","section":"Shading Mode"},"sceneLighting":false,"audioPlay":false,"sceneViewState":{"showFog":true,"showMaterialUpdate":false,"showSkybox":false,"showFlares":true,"showImageEffects":true,"showParticleSystems":true},"in2DMode":false,"pivot":{"x":-94.32133483886719,"y":139.19334411621095,"z":-92.38504028320313},"rotation":{"x":0.21543672680854798,"y":0.31278300285339358,"z":-0.07307013869285584,"w":0.9221827387809753},"size":438.86029052734377,"orthographic":false}