{"cameraMode":{"drawMode":0,"name":"Shaded","section":"Shading Mode"},"sceneLighting":false,"audioPlay":false,"sceneViewState":{"showFog":true,"showMaterialUpdate":false,"showSkybox":false,"showFlares":true,"showImageEffects":true,"showParticleSystems":true},"in2DMode":false,"pivot":{"x":3715.870849609375,"y":221.85772705078126,"z":4043.77685546875},"rotation":{"x":-0.04094330593943596,"y":-0.9120477437973023,"z":0.09420564025640488,"w":-0.39706671237945559},"size":17.03019905090332,"orthographic":false}