{"cameraMode":{"drawMode":0,"name":"Shaded","section":"Shading Mode"},"sceneLighting":false,"audioPlay":false,"sceneViewState":{"showFog":true,"showMaterialUpdate":false,"showSkybox":false,"showFlares":true,"showImageEffects":true,"showParticleSystems":true},"in2DMode":false,"pivot":{"x":-51.91889190673828,"y":233.66586303710938,"z":-368.62158203125},"rotation":{"x":-0.06572843343019486,"y":0.9039233326911926,"z":-0.15053045749664308,"w":-0.39494064450263979},"size":96.53087615966797,"orthographic":false}