{"cameraMode":{"drawMode":0,"name":"Shaded","section":"Shading Mode"},"sceneLighting":false,"audioPlay":false,"sceneViewState":{"showFog":true,"showMaterialUpdate":false,"showSkybox":true,"showFlares":true,"showImageEffects":true,"showParticleSystems":true},"in2DMode":false,"pivot":{"x":3941.69287109375,"y":223.1326904296875,"z":5669.4384765625},"rotation":{"x":-0.1069842055439949,"y":-0.5288972854614258,"z":0.06761907786130905,"w":-0.8392331004142761},"size":9052.7490234375,"orthographic":false}