{"cameraMode":{"drawMode":0,"name":"Shaded","section":"Shading Mode"},"sceneLighting":false,"audioPlay":false,"sceneViewState":{"showFog":true,"showMaterialUpdate":false,"showSkybox":false,"showFlares":true,"showImageEffects":true,"showParticleSystems":true},"in2DMode":false,"pivot":{"x":9.339996337890625,"y":-34.23673629760742,"z":-41.539703369140628},"rotation":{"x":-0.0012096002465113998,"y":-0.9986889362335205,"z":0.028780335560441018,"w":-0.04282457381486893},"size":28.445209503173829,"orthographic":false}