{"cameraMode":{"drawMode":0,"name":"Shaded","section":"Shading Mode"},"sceneLighting":false,"audioPlay":false,"sceneViewState":{"showFog":true,"showMaterialUpdate":false,"showSkybox":false,"showFlares":true,"showImageEffects":true,"showParticleSystems":true},"in2DMode":false,"pivot":{"x":-111.14881134033203,"y":319.9299011230469,"z":-341.26483154296877},"rotation":{"x":-0.003523470601066947,"y":0.9961519837379456,"z":-0.04785208776593208,"w":-0.07334934920072556},"size":109.3128662109375,"orthographic":false}