{"cameraMode":{"drawMode":0,"name":"Shaded","section":"Shading Mode"},"sceneLighting":false,"audioPlay":false,"sceneViewState":{"showFog":true,"showMaterialUpdate":false,"showSkybox":false,"showFlares":true,"showImageEffects":true,"showParticleSystems":true},"in2DMode":false,"pivot":{"x":-102.27812957763672,"y":81.9823989868164,"z":-113.2080307006836},"rotation":{"x":0.1653885543346405,"y":0.5400208234786987,"z":-0.10918661206960678,"w":0.8179882764816284},"size":145.1951446533203,"orthographic":false}